m/z,intensity,ions_base_sc
160.4673,2358.6,
208.31306,2445.6,
219.46065,2497.3,
270.1813,4886.7,
321.25369,2758.9,
383.2663,5223.2,
454.30176,4028.8,
951.48016,3216.7,
1049.5415,3323.0,
1050.55701,4082.3,
1163.62927,3907.8,
1185.5769,4557.4,
1242.59937,6534.9,
1247.62634,6137.5,
1249.62646,3654.3,
1258.13232,4612.7,
1301.66418,3179.9,
1403.72278,3623.1,
1461.21912,3101.7,
1497.32385,3383.6,
1504.24377,4212.8,
1524.6803,4183.9,
1612.77856,4431.9,
